{
	"manifest_version": 2,
	"name": "Material You NewTab",
	"version": "3.1",
	"description": "A Simple New Tab (browser's home page) inspired by Google's 'Material You' design.",
	"permissions": [
		"search",
		"bookmarks",
		"https://www.google.com/complete/search?client=*",
		"https://duckduckgo.com/ac/?q=*",
		"https://search.brave.com/api/suggest?q=*",
		"https://*.wikipedia.org/w/api.php?action=opensearch&search=*",
		"https://www.reddit.com/search.json?q=*"
	],
	"background": {
		"scripts": ["scripts/background.js"],
		"persistent": true
	},
	"icons": {
		"16": "favicon/icon16.png",
		"48": "favicon/icon48.png",
		"128": "favicon/icon128.png"
	},
	"browser_action": {
		"default_icon": "favicon/icon48.png"
	},
	"chrome_url_overrides": {
		"newtab": "index.html"
	},
	"incognito": "spanning"
}
